Contact ID,Date,Name,Email,Phone,Subject,Message
,2021-09-29 21:58:40,Bhushankumar Patil,abc@gmail.com,9823963277,hi,test1
,Bhushankumar Patil,abc@gmail.com,9823963277,we,wew
,Bhushankumar Patil,abc@gmail.com,9823963277,we,wew
,Bhushankumar Patil,abc@gmail.com,9823963277,we,wew
,Bhushankumar Patil,abc@gmail.com,9823963277,we12,wew
,2021-09-29 23:34:41,Bhushankumar Patil2,abc@gmail.com,9823963277,we12,wew
,2021-09-29 23:35:10,Bhushankumar Patil223,abc@gmail.com,9823963277,we12,wew
,2021-09-29 23:35:18,Bhushankumar Patil223,abc@gmail.com,9823963277,we12,wew
,2021-09-29 23:35:18,Bhushankumar Patil2,abc@gmail.com,9823963277,we12,wew
,2021-09-29 23:35:23,Bhushankumar Patil22323,abc@gmail.com,9823963277,we12,wew
,2021-09-29 23:35:36,dss,abc@gmail.com,9823963277,we12,wew
